{"cameraMode":{"drawMode":0,"name":"Shaded","section":"Shading Mode"},"sceneLighting":false,"audioPlay":false,"sceneViewState":{"m_AlwaysRefresh":false,"showFog":false,"showSkybox":false,"showFlares":false,"showImageEffects":false,"showParticleSystems":false,"showVisualEffectGraphs":false,"m_FxEnabled":true},"in2DMode":false,"pivot":{"x":0.5777138471603394,"y":0.05965518578886986,"z":-0.18805234134197236},"rotation":{"x":0.0032495141495019199,"y":0.6312112808227539,"z":0.002646335167810321,"w":-0.7756364941596985},"size":0.015053593553602696,"orthographic":false}