{"cameraMode":{"drawMode":0,"name":"Shaded","section":"Shading Mode"},"sceneLighting":false,"audioPlay":false,"sceneViewState":{"m_AlwaysRefresh":false,"showFog":false,"showSkybox":false,"showFlares":false,"showImageEffects":false,"showParticleSystems":false,"showVisualEffectGraphs":false,"m_FxEnabled":true},"in2DMode":false,"pivot":{"x":-4.4681620597839359,"y":0.9454072713851929,"z":-11.419498443603516},"rotation":{"x":-0.002360690850764513,"y":-0.9788628816604614,"z":0.012082522734999657,"w":-0.20461535453796388},"size":1.5650990009307862,"orthographic":false}