{"cameraMode":{"drawMode":0,"name":"Shaded","section":"Shading Mode"},"sceneLighting":false,"audioPlay":false,"sceneViewState":{"m_AlwaysRefresh":false,"showFog":false,"showSkybox":false,"showFlares":false,"showImageEffects":false,"showParticleSystems":false,"showVisualEffectGraphs":false,"m_FxEnabled":true},"in2DMode":false,"pivot":{"x":-7.0177764892578129,"y":0.22005939483642579,"z":2.05595064163208},"rotation":{"x":0.0003841315919999033,"y":-0.9984229207038879,"z":-0.006879536900669336,"w":-0.0566665418446064},"size":0.803519070148468,"orthographic":false}